Workbook

Sheet Sheet4
A1: 藥品代碼 | B1: 藥名 | C1: 12/27盤點量 | D1: 12/27-12/29 | E1: 12/30預期量 | F1: 備註 | G1: 12/30電腦量 | H1: 12月/30上藥量 | I1: 7day
A2: ABI02O | B2: Abilify 5mg Tab# | C2: 1184 | D2: =IFERROR(VLOOKUP(A2,'1227-29耗量'!$A$1:$C$602,3,FALSE),0) -> 5 | E2: =C2-D2 -> 1179 | F2: =IFERROR(IF(E2=G2,"OK","錯誤"),"無資料") -> 無資料 | G2: =VLOOKUP(A2,Sheet5!$A$2:$D$415,4,FALSE) -> #N/A | H2: =VLOOKUP(A2,Sheet5!$A$2:$D$415,3,FALSE) -> #N/A | I2: =VLOOKUP(A2,'1201-29周均耗用'!$A$1:$C$602,3,FALSE) -> 114
A3: ABI03O | B3: ABILIFY 15mg Tab# | C3: 760 | D3: =IFERROR(VLOOKUP(A3,'1227-29耗量'!$A$1:$C$602,3,FALSE),0) -> 3 | E3: =C3-D3 -> 757 | F3: =IFERROR(IF(E3=G3,"OK","錯誤"),"無資料") -> 無資料 | G3: =VLOOKUP(A3,Sheet5!$A$2:$D$415,4,FALSE) -> #N/A | H3: =VLOOKUP(A3,Sheet5!$A$2:$D$415,3,FALSE) -> #N/A | I3: =VLOOKUP(A3,'1201-29周均耗用'!$A$1:$C$602,3,FALSE) -> 91.8
A4: ABI04I | B4: Abilify maintena 400mg Syringe | C4: 12 | D4: =IFERROR(VLOOKUP(A4,'1227-29耗量'!$A$1:$C$602,3,FALSE),0) -> 0 | E4: =C4-D4 -> 12 | F4: =IFERROR(IF(E4=G4,"OK","錯誤"),"無資料") -> 錯誤 | G4: =VLOOKUP(A4,Sheet5!$A$2:$D$415,4,FALSE) -> 7 | H4: =VLOOKUP(A4,Sheet5!$A$2:$D$415,3,FALSE) -> 12 | I4: =VLOOKUP(A4,'1201-29周均耗用'!$A$1:$C$602,3,FALSE) -> 3.5
A5: ABI04O | B5: Abiratred FC 250mg Tab | C5: 0 | D5: =IFERROR(VLOOKUP(A5,'1227-29耗量'!$A$1:$C$602,3,FALSE),0) -> 0 | E5: =C5-D5 -> 0 | F5: =IFERROR(IF(E5=G5,"OK","錯誤"),"無資料") -> 無資料 | G5: =VLOOKUP(A5,Sheet5!$A$2:$D$415,4,FALSE) -> #N/A | H5: =VLOOKUP(A5,Sheet5!$A$2:$D$415,3,FALSE) -> #N/A | I5: =VLOOKUP(A5,'1201-29周均耗用'!$A$1:$C$602,3,FALSE) -> #N/A
A6: ACA01O | B6: Acarose 50mg Tab# | C6: 844 | D6: =IFERROR(VLOOKUP(A6,'1227-29耗量'!$A$1:$C$602,3,FALSE),0) -> 31 | E6: =C6-D6 -> 813 | F6: =IFERROR(IF(E6=G6,"OK","錯誤"),"無資料") -> 無資料 | G6: =VLOOKUP(A6,Sheet5!$A$2:$D$415,4,FALSE) -> #N/A | H6: =VLOOKUP(A6,Sheet5!$A$2:$D$415,3,FALSE) -> #N/A | I6: =VLOOKUP(A6,'1201-29周均耗用'!$A$1:$C$602,3,FALSE) -> 230.2
A7: ACA02O | B7: A-Cal 500mg Tab | C7: 1383 | D7: =IFERROR(VLOOKUP(A7,'1227-29耗量'!$A$1:$C$602,3,FALSE),0) -> 61 | E7: =C7-D7 -> 1322 | F7: =IFERROR(IF(E7=G7,"OK","錯誤"),"無資料") -> 無資料 | G7: =VLOOKUP(A7,Sheet5!$A$2:$D$415,4,FALSE) -> #N/A | H7: =VLOOKUP(A7,Sheet5!$A$2:$D$415,3,FALSE) -> #N/A | I7: =VLOOKUP(A7,'1201-29周均耗用'!$A$1:$C$602,3,FALSE) -> 280
A8: ACD01I | B8: ACD Solution-C Bot | C8: 0 | D8: =IFERROR(VLOOKUP(A8,'1227-29耗量'!$A$1:$C$602,3,FALSE),0) -> 0 | E8: =C8-D8 -> 0 | F8: =IFERROR(IF(E8=G8,"OK","錯誤"),"無資料") -> 無資料 | G8: =VLOOKUP(A8,Sheet5!$A$2:$D$415,4,FALSE) -> #N/A | H8: =VLOOKUP(A8,Sheet5!$A$2:$D$415,3,FALSE) -> #N/A | I8: =VLOOKUP(A8,'1201-29周均耗用'!$A$1:$C$602,3,FALSE) -> #N/A
A9: ACE01I | B9: Acemycin 500mg/2ml Vial# | C9: 14 | D9: =VLOOKUP(A9,'1227-29耗量'!$A$1:$C$602,3,FALSE) -> 2 | E9: =C9-D9 -> 12 | F9: =IFERROR(IF(E9=G9,"OK","錯誤"),"無資料") -> 錯誤 | G9: =VLOOKUP(A9,Sheet5!$A$2:$D$415,4,FALSE) -> 16 | H9: =VLOOKUP(A9,Sheet5!$A$2:$D$415,3,FALSE) -> 20 | I9: =VLOOKUP(A9,'1201-29周均耗用'!$A$1:$C$602,3,FALSE) -> 2.8
A10: ACE02I | B10: Acetamol 1gm Vial | C10: 122 | D10: =IFERROR(VLOOKUP(A10,'1227-29耗量'!$A$1:$C$602,3,FALSE),0) -> 9 | E10: =C10-D10 -> 113 | F10: =IFERROR(IF(E10=G10,"OK","錯誤"),"無資料") -> 無資料 | G10: =VLOOKUP(A10,Sheet5!$A$2:$D$415,4,FALSE) -> #N/A | H10: =VLOOKUP(A10,Sheet5!$A$2:$D$415,3,FALSE) -> #N/A | I10: =VLOOKUP(A10,'1201-29周均耗用'!$A$1:$C$602,3,FALSE) -> 17.5
A11: ACE04O | B11: Acemet 60mg Cap | C11: 1374 | D11: =VLOOKUP(A11,'1227-29耗量'!$A$1:$C$602,3,FALSE) -> 32 | E11: =C11-D11 -> 1342 | F11: =IFERROR(IF(E11=G11,"OK","錯誤"),"無資料") -> 錯誤 | G11: =VLOOKUP(A11,Sheet5!$A$2:$D$415,4,FALSE) -> 260 | H11: =VLOOKUP(A11,Sheet5!$A$2:$D$415,3,FALSE) -> 1000 | I11: =VLOOKUP(A11,'1201-29周均耗用'!$A$1:$C$602,3,FALSE) -> 124.8
A12: ACE05O | B12: Acetazolamide 250mg Tab | C12: 244 | D12: =IFERROR(VLOOKUP(A12,'1227-29耗量'!$A$1:$C$602,3,FALSE),0) -> 1 | E12: =C12-D12 -> 243 | F12: =IFERROR(IF(E12=G12,"OK","錯誤"),"無資料") -> 無資料 | G12: =VLOOKUP(A12,Sheet5!$A$2:$D$415,4,FALSE) -> #N/A | H12: =VLOOKUP(A12,Sheet5!$A$2:$D$415,3,FALSE) -> #N/A | I12: =VLOOKUP(A12,'1201-29周均耗用'!$A$1:$C$602,3,FALSE) -> 7.2
A13: ACL01E | B13: Aclovir Cream 5% 5gm | C13: 16 | D13: =IFERROR(VLOOKUP(A13,'1227-29耗量'!$A$1:$C$602,3,FALSE),0) -> 1 | E13: =C13-D13 -> 15 | F13: =IFERROR(IF(E13=G13,"OK","錯誤"),"無資料") -> 無資料 | G13: =VLOOKUP(A13,Sheet5!$A$2:$D$415,4,FALSE) -> #N/A | H13: =VLOOKUP(A13,Sheet5!$A$2:$D$415,3,FALSE) -> #N/A | I13: =VLOOKUP(A13,'1201-29周均耗用'!$A$1:$C$602,3,FALSE) -> #N/A
A14: ACL01I | B14: Aclasta 5mg/100ml Vial# | C14: 0 | D14: =IFERROR(VLOOKUP(A14,'1227-29耗量'!$A$1:$C$602,3,FALSE),0) -> 0 | E14: =C14-D14 -> 0 | F14: =IFERROR(IF(E14=G14,"OK","錯誤"),"無資料") -> 無資料 | G14: =VLOOKUP(A14,Sheet5!$A$2:$D$415,4,FALSE) -> #N/A | H14: =VLOOKUP(A14,Sheet5!$A$2:$D$415,3,FALSE) -> #N/A | I14: =VLOOKUP(A14,'1201-29周均耗用'!$A$1:$C$602,3,FALSE) -> #N/A
A15: ACT01I | B15: Actemra 200mg/10ml vial# | C15: 15 | D15: =IFERROR(VLOOKUP(A15,'1227-29耗量'!$A$1:$C$602,3,FALSE),0) -> 0 | E15: =C15-D15 -> 15 | F15: =IFERROR(IF(E15=G15,"OK","錯誤"),"無資料") -> 錯誤 | G15: =VLOOKUP(A15,Sheet5!$A$2:$D$415,4,FALSE) -> 10 | H15: =VLOOKUP(A15,Sheet5!$A$2:$D$415,3,FALSE) -> 10 | I15: =VLOOKUP(A15,'1201-29周均耗用'!$A$1:$C$602,3,FALSE) -> 4
A16: ACT01O | B16: Actos 30mg Tab# | C16: 79 | D16: =VLOOKUP(A16,'1227-29耗量'!$A$1:$C$602,3,FALSE) -> 4 | E16: =C16-D16 -> 75 | F16: =IFERROR(IF(E16=G16,"OK","錯誤"),"無資料") -> 錯誤 | G16: =VLOOKUP(A16,Sheet5!$A$2:$D$415,4,FALSE) -> 56 | H16: =VLOOKUP(A16,Sheet5!$A$2:$D$415,3,FALSE) -> 90 | I16: =VLOOKUP(A16,'1201-29周均耗用'!$A$1:$C$602,3,FALSE) -> 39
A17: ACT02I | B17: Actilyse 50mg/50ml Vial# | C17: 0 | D17: =IFERROR(VLOOKUP(A17,'1227-29耗量'!$A$1:$C$602,3,FALSE),0) -> 0 | E17: =C17-D17 -> 0 | F17: =IFERROR(IF(E17=G17,"OK","錯誤"),"無資料") -> 無資料 | G17: =VLOOKUP(A17,Sheet5!$A$2:$D$415,4,FALSE) -> #N/A | H17: =VLOOKUP(A17,Sheet5!$A$2:$D$415,3,FALSE) -> #N/A | I17: =VLOOKUP(A17,'1201-29周均耗用'!$A$1:$C$602,3,FALSE) -> #N/A
A18: ACT02O | B18: ACTEIN Effervescent 600mg Tab | C18: 743 | D18: =VLOOKUP(A18,'1227-29耗量'!$A$1:$C$602,3,FALSE) -> 118 | E18: =C18-D18 -> 625 | F18: =IFERROR(IF(E18=G18,"OK","錯誤"),"無資料") -> 錯誤 | G18: =VLOOKUP(A18,Sheet5!$A$2:$D$415,4,FALSE) -> 624 | H18: =VLOOKUP(A18,Sheet5!$A$2:$D$415,3,FALSE) -> 1120 | I18: =VLOOKUP(A18,'1201-29周均耗用'!$A$1:$C$602,3,FALSE) -> 535.8
A19: ACT03I | B19: Actrapid HM(RI) 1000iu/10ml Vial | C19: 6 | D19: =IFERROR(VLOOKUP(A19,'1227-29耗量'!$A$1:$C$602,3,FALSE),0) -> 0 | E19: =C19-D19 -> 6 | F19: =IFERROR(IF(E19=G19,"OK","錯誤"),"無資料") -> 無資料 | G19: =VLOOKUP(A19,Sheet5!$A$2:$D$415,4,FALSE) -> #N/A | H19: =VLOOKUP(A19,Sheet5!$A$2:$D$415,3,FALSE) -> #N/A | I19: =VLOOKUP(A19,'1201-29周均耗用'!$A$1:$C$602,3,FALSE) -> -1.5
A20: ACT06O | B20: Actein Granules 200mg/3gm Pack | C20: 9250 | D20: =VLOOKUP(A20,'1227-29耗量'!$A$1:$C$602,3,FALSE) -> 565 | E20: =C20-D20 -> 8685 | F20: =IFERROR(IF(E20=G20,"OK","錯誤"),"無資料") -> 錯誤 | G20: =VLOOKUP(A20,Sheet5!$A$2:$D$415,4,FALSE) -> 4081 | H20: =VLOOKUP(A20,Sheet5!$A$2:$D$415,3,FALSE) -> 11200 | I20: =VLOOKUP(A20,'1201-29周均耗用'!$A$1:$C$602,3,FALSE) -> 3445.2
A21: ACT07I | B21: Actemra 80mg/4ml vial# | C21: 10 | D21: =IFERROR(VLOOKUP(A21,'1227-29耗量'!$A$1:$C$602,3,FALSE),0) -> 0 | E21: =C21-D21 -> 10 | F21: =IFERROR(IF(E21=G21,"OK","錯誤"),"無資料") -> 錯誤 | G21: =VLOOKUP(A21,Sheet5!$A$2:$D$415,4,FALSE) -> 6 | H21: =VLOOKUP(A21,Sheet5!$A$2:$D$415,3,FALSE) -> 10 | I21: =VLOOKUP(A21,'1201-29周均耗用'!$A$1:$C$602,3,FALSE) -> 2
A22: ACT08I | B22: ACTEMRA 162mg/0.9ml Pen# | C22: 0 | D22: =IFERROR(VLOOKUP(A22,'1227-29耗量'!$A$1:$C$602,3,FALSE),0) -> 0 | E22: =C22-D22 -> 0 | F22: =IFERROR(IF(E22=G22,"OK","錯誤"),"無資料") -> 無資料 | G22: =VLOOKUP(A22,Sheet5!$A$2:$D$415,4,FALSE) -> #N/A | H22: =VLOOKUP(A22,Sheet5!$A$2:$D$415,3,FALSE) -> #N/A | I22: =VLOOKUP(A22,'1201-29周均耗用'!$A$1:$C$602,3,FALSE) -> #N/A
A23: ACY02O | B23: Acylo 400mg Tab | C23: 520 | D23: =VLOOKUP(A23,'1227-29耗量'!$A$1:$C$602,3,FALSE) -> 10 | E23: =C23-D23 -> 510 | F23: =IFERROR(IF(E23=G23,"OK","錯誤"),"無資料") -> 錯誤 | G23: =VLOOKUP(A23,Sheet5!$A$2:$D$415,4,FALSE) -> 133 | H23: =VLOOKUP(A23,Sheet5!$A$2:$D$415,3,FALSE) -> 300 | I23: =VLOOKUP(A23,'1201-29周均耗用'!$A$1:$C$602,3,FALSE) -> 81.2
A24: ACZ01E | B24: Aczo Gel 5% 10gm Tube | C24: 0 | D24: =IFERROR(VLOOKUP(A24,'1227-29耗量'!$A$1:$C$602,3,FALSE),0) -> 0 | E24: =C24-D24 -> 0 | F24: =IFERROR(IF(E24=G24,"OK","錯誤"),"無資料") -> 無資料 | G24: =VLOOKUP(A24,Sheet5!$A$2:$D$415,4,FALSE) -> #N/A | H24: =VLOOKUP(A24,Sheet5!$A$2:$D$415,3,FALSE) -> #N/A | I24: =VLOOKUP(A24,'1201-29周均耗用'!$A$1:$C$602,3,FALSE) -> #N/A
A25: ADE01I | B25: Adenocor 6mg/2ml Vial | C25: 319 | D25: =IFERROR(VLOOKUP(A25,'1227-29耗量'!$A$1:$C$602,3,FALSE),0) -> 1 | E25: =C25-D25 -> 318 | F25: =IFERROR(IF(E25=G25,"OK","錯誤"),"無資料") -> 無資料 | G25: =VLOOKUP(A25,Sheet5!$A$2:$D$415,4,FALSE) -> #N/A | H25: =VLOOKUP(A25,Sheet5!$A$2:$D$415,3,FALSE) -> #N/A | I25: =VLOOKUP(A25,'1201-29周均耗用'!$A$1:$C$602,3,FALSE) -> -2.8
A26: ADE01O | B26: Adempas FC 2mg Tab# | C26: 0 | D26: =IFERROR(VLOOKUP(A26,'1227-29耗量'!$A$1:$C$602,3,FALSE),0) -> 0 | E26: =C26-D26 -> 0 | F26: =IFERROR(IF(E26=G26,"OK","錯誤"),"無資料") -> 無資料 | G26: =VLOOKUP(A26,Sheet5!$A$2:$D$415,4,FALSE) -> #N/A | H26: =VLOOKUP(A26,Sheet5!$A$2:$D$415,3,FALSE) -> #N/A | I26: =VLOOKUP(A26,'1201-29周均耗用'!$A$1:$C$602,3,FALSE) -> #N/A
A27: ADE02O | B27: ADEMPAS FC 2.5mg Tab# | C27: 27 | D27: =IFERROR(VLOOKUP(A27,'1227-29耗量'!$A$1:$C$602,3,FALSE),0) -> 0 | E27: =C27-D27 -> 27 | F27: =IFERROR(IF(E27=G27,"OK","錯誤"),"無資料") -> 無資料 | G27: =VLOOKUP(A27,Sheet5!$A$2:$D$415,4,FALSE) -> #N/A | H27: =VLOOKUP(A27,Sheet5!$A$2:$D$415,3,FALSE) -> #N/A | I27: =VLOOKUP(A27,'1201-29周均耗用'!$A$1:$C$602,3,FALSE) -> #N/A
A28: ADI08I | B28: AdimFlu-S (公費) 0.5mL Syringe | C28: 0 | D28: =IFERROR(VLOOKUP(A28,'1227-29耗量'!$A$1:$C$602,3,FALSE),0) -> 0 | E28: =C28-D28 -> 0 | F28: =IFERROR(IF(E28=G28,"OK","錯誤"),"無資料") -> 無資料 | G28: =VLOOKUP(A28,Sheet5!$A$2:$D$415,4,FALSE) -> #N/A | H28: =VLOOKUP(A28,Sheet5!$A$2:$D$415,3,FALSE) -> #N/A | I28: =VLOOKUP(A28,'1201-29周均耗用'!$A$1:$C$602,3,FALSE) -> 0.2
A29: ADR02I | B29: Adrenalin 1mg/1ml Amp | C29: 109 | D29: =IFERROR(VLOOKUP(A29,'1227-29耗量'!$A$1:$C$602,3,FALSE),0) -> 24 | E29: =C29-D29 -> 85 | F29: =IFERROR(IF(E29=G29,"OK","錯誤"),"無資料") -> 無資料 | G29: =VLOOKUP(A29,Sheet5!$A$2:$D$415,4,FALSE) -> #N/A | H29: =VLOOKUP(A29,Sheet5!$A$2:$D$415,3,FALSE) -> #N/A | I29: =VLOOKUP(A29,'1201-29周均耗用'!$A$1:$C$602,3,FALSE) -> 86
A30: ADV01O | B30: Advagraf PR 0.5mg Cap | C30: 70 | D30: =IFERROR(VLOOKUP(A30,'1227-29耗量'!$A$1:$C$602,3,FALSE),0) -> 0 | E30: =C30-D30 -> 70 | F30: =IFERROR(IF(E30=G30,"OK","錯誤"),"無資料") -> 錯誤 | G30: =VLOOKUP(A30,Sheet5!$A$2:$D$415,4,FALSE) -> -3 | H30: =VLOOKUP(A30,Sheet5!$A$2:$D$415,3,FALSE) -> 50 | I30: =VLOOKUP(A30,'1201-29周均耗用'!$A$1:$C$602,3,FALSE) -> 9
A31: ADV02O | B31: ADVAGRAF PR 1mg Cap | C31: 36 | D31: =VLOOKUP(A31,'1227-29耗量'!$A$1:$C$602,3,FALSE) -> 3 | E31: =C31-D31 -> 33 | F31: =IFERROR(IF(E31=G31,"OK","錯誤"),"無資料") -> 錯誤 | G31: =VLOOKUP(A31,Sheet5!$A$2:$D$415,4,FALSE) -> -1 | H31: =VLOOKUP(A31,Sheet5!$A$2:$D$415,3,FALSE) -> 50 | I31: =VLOOKUP(A31,'1201-29周均耗用'!$A$1:$C$602,3,FALSE) -> 19.5
A32: ADV03O | B32: ADVAGRAF PR 5mg Cap | C32: 0 | D32: =IFERROR(VLOOKUP(A32,'1227-29耗量'!$A$1:$C$602,3,FALSE),0) -> 0 | E32: =C32-D32 -> 0 | F32: =IFERROR(IF(E32=G32,"OK","錯誤"),"無資料") -> 無資料 | G32: =VLOOKUP(A32,Sheet5!$A$2:$D$415,4,FALSE) -> #N/A | H32: =VLOOKUP(A32,Sheet5!$A$2:$D$415,3,FALSE) -> #N/A | I32: =VLOOKUP(A32,'1201-29周均耗用'!$A$1:$C$602,3,FALSE) -> 3.2
A33: AET02I | B33: Aethoxysklerol 20mg/2ml amp | C33: 0 | D33: =IFERROR(VLOOKUP(A33,'1227-29耗量'!$A$1:$C$602,3,FALSE),0) -> 0 | E33: =C33-D33 -> 0 | F33: =IFERROR(IF(E33=G33,"OK","錯誤"),"無資料") -> 無資料 | G33: =VLOOKUP(A33,Sheet5!$A$2:$D$415,4,FALSE) -> #N/A | H33: =VLOOKUP(A33,Sheet5!$A$2:$D$415,3,FALSE) -> #N/A | I33: =VLOOKUP(A33,'1201-29周均耗用'!$A$1:$C$602,3,FALSE) -> #N/A
A34: AFI01O | B34: Afinitor 5mg Tab# | C34: 13 | D34: =IFERROR(VLOOKUP(A34,'1227-29耗量'!$A$1:$C$602,3,FALSE),0) -> 0 | E34: =C34-D34 -> 13 | F34: =IFERROR(IF(E34=G34,"OK","錯誤"),"無資料") -> 無資料 | G34: =VLOOKUP(A34,Sheet5!$A$2:$D$415,4,FALSE) -> #N/A | H34: =VLOOKUP(A34,Sheet5!$A$2:$D$415,3,FALSE) -> #N/A | I34: =VLOOKUP(A34,'1201-29周均耗用'!$A$1:$C$602,3,FALSE) -> 2
A35: AGG01I | B35: Aggrastat 12.5mg/50ml Vial# | C35: 4 | D35: =IFERROR(VLOOKUP(A35,'1227-29耗量'!$A$1:$C$602,3,FALSE),0) -> 0 | E35: =C35-D35 -> 4 | F35: =IFERROR(IF(E35=G35,"OK","錯誤"),"無資料") -> 無資料 | G35: =VLOOKUP(A35,Sheet5!$A$2:$D$415,4,FALSE) -> #N/A | H35: =VLOOKUP(A35,Sheet5!$A$2:$D$415,3,FALSE) -> #N/A | I35: =VLOOKUP(A35,'1201-29周均耗用'!$A$1:$C$602,3,FALSE) -> 0.2
A36: AGG02I | B36: Agglutex 25000iu/5ml Vial | C36: 125 | D36: =IFERROR(VLOOKUP(A36,'1227-29耗量'!$A$1:$C$602,3,FALSE),0) -> 1 | E36: =C36-D36 -> 124 | F36: =IFERROR(IF(E36=G36,"OK","錯誤"),"無資料") -> 無資料 | G36: =VLOOKUP(A36,Sheet5!$A$2:$D$415,4,FALSE) -> #N/A | H36: =VLOOKUP(A36,Sheet5!$A$2:$D$415,3,FALSE) -> #N/A | I36: =VLOOKUP(A36,'1201-29周均耗用'!$A$1:$C$602,3,FALSE) -> 3.5
A37: AGR01O | B37: Agrylin 0.5mg Cap# | C37: 96 | D37: =IFERROR(VLOOKUP(A37,'1227-29耗量'!$A$1:$C$602,3,FALSE),0) -> 0 | E37: =C37-D37 -> 96 | F37: =IFERROR(IF(E37=G37,"OK","錯誤"),"無資料") -> 無資料 | G37: =VLOOKUP(A37,Sheet5!$A$2:$D$415,4,FALSE) -> #N/A | H37: =VLOOKUP(A37,Sheet5!$A$2:$D$415,3,FALSE) -> #N/A | I37: =VLOOKUP(A37,'1201-29周均耗用'!$A$1:$C$602,3,FALSE) -> #N/A
A38: AJO01I | B38: Ajovy 225mg/1.5ml Pen | C38: 3 | D38: =IFERROR(VLOOKUP(A38,'1227-29耗量'!$A$1:$C$602,3,FALSE),0) -> 0 | E38: =C38-D38 -> 3 | F38: =IFERROR(IF(E38=G38,"OK","錯誤"),"無資料") -> 無資料 | G38: =VLOOKUP(A38,Sheet5!$A$2:$D$415,4,FALSE) -> #N/A | H38: =VLOOKUP(A38,Sheet5!$A$2:$D$415,3,FALSE) -> #N/A | I38: =VLOOKUP(A38,'1201-29周均耗用'!$A$1:$C$602,3,FALSE) -> #N/A
A39: AKU01O | B39: AKuriT-3 275/75/150 Tab# | C39: 0 | D39: =IFERROR(VLOOKUP(A39,'1227-29耗量'!$A$1:$C$602,3,FALSE),0) -> 0 | E39: =C39-D39 -> 0 | F39: =IFERROR(IF(E39=G39,"OK","錯誤"),"無資料") -> 無資料 | G39: =VLOOKUP(A39,Sheet5!$A$2:$D$415,4,FALSE) -> #N/A | H39: =VLOOKUP(A39,Sheet5!$A$2:$D$415,3,FALSE) -> #N/A | I39: =VLOOKUP(A39,'1201-29周均耗用'!$A$1:$C$602,3,FALSE) -> #N/A
A40: AKU02O | B40: AKuriT-4 275/75/400/150 Tab# | C40: 97 | D40: =IFERROR(VLOOKUP(A40,'1227-29耗量'!$A$1:$C$602,3,FALSE),0) -> 12 | E40: =C40-D40 -> 85 | F40: =IFERROR(IF(E40=G40,"OK","錯誤"),"無資料") -> 無資料 | G40: =VLOOKUP(A40,Sheet5!$A$2:$D$415,4,FALSE) -> #N/A | H40: =VLOOKUP(A40,Sheet5!$A$2:$D$415,3,FALSE) -> #N/A | I40: =VLOOKUP(A40,'1201-29周均耗用'!$A$1:$C$602,3,FALSE) -> 26
A41: AKY01O | B41: Akynzeo 300/0.5 mg Cap | C41: 22 | D41: =VLOOKUP(A41,'1227-29耗量'!$A$1:$C$602,3,FALSE) -> 7 | E41: =C41-D41 -> 15 | F41: =IFERROR(IF(E41=G41,"OK","錯誤"),"無資料") -> 錯誤 | G41: =VLOOKUP(A41,Sheet5!$A$2:$D$415,4,FALSE) -> 12 | H41: =VLOOKUP(A41,Sheet5!$A$2:$D$415,3,FALSE) -> 60 | I41: =VLOOKUP(A41,'1201-29周均耗用'!$A$1:$C$602,3,FALSE) -> 16
A42: ALC02E | B42: Alcos-Anal Supp | C42: 246 | D42: =VLOOKUP(A42,'1227-29耗量'!$A$1:$C$602,3,FALSE) -> 21 | E42: =C42-D42 -> 225 | F42: =IFERROR(IF(E42=G42,"OK","錯誤"),"無資料") -> 錯誤 | G42: =VLOOKUP(A42,Sheet5!$A$2:$D$415,4,FALSE) -> 149 | H42: =VLOOKUP(A42,Sheet5!$A$2:$D$415,3,FALSE) -> 200 | I42: =VLOOKUP(A42,'1201-29周均耗用'!$A$1:$C$602,3,FALSE) -> #N/A
A43: ALC03E | B43: Alcaine 0.5% 15ml | C43: 0 | D43: =IFERROR(VLOOKUP(A43,'1227-29耗量'!$A$1:$C$602,3,FALSE),0) -> 0 | E43: =C43-D43 -> 0 | F43: =IFERROR(IF(E43=G43,"OK","錯誤"),"無資料") -> 無資料 | G43: =VLOOKUP(A43,Sheet5!$A$2:$D$415,4,FALSE) -> #N/A | H43: =VLOOKUP(A43,Sheet5!$A$2:$D$415,3,FALSE) -> #N/A | I43: =VLOOKUP(A43,'1201-29周均耗用'!$A$1:$C$602,3,FALSE) -> #N/A
A44: ALC04E | B44: Alcos-Anal Oint 20gm | C44: 33 | D44: =IFERROR(VLOOKUP(A44,'1227-29耗量'!$A$1:$C$602,3,FALSE),0) -> 2 | E44: =C44-D44 -> 31 | F44: =IFERROR(IF(E44=G44,"OK","錯誤"),"無資料") -> 無資料 | G44: =VLOOKUP(A44,Sheet5!$A$2:$D$415,4,FALSE) -> #N/A | H44: =VLOOKUP(A44,Sheet5!$A$2:$D$415,3,FALSE) -> #N/A | I44: =VLOOKUP(A44,'1201-29周均耗用'!$A$1:$C$602,3,FALSE) -> #N/A
A45: ALC16E | B45: Alcohol 75% 4L/Bot | C45: 1 | D45: =IFERROR(VLOOKUP(A45,'1227-29耗量'!$A$1:$C$602,3,FALSE),0) -> 0 | E45: =C45-D45 -> 1 | F45: =IFERROR(IF(E45=G45,"OK","錯誤"),"無資料") -> 無資料 | G45: =VLOOKUP(A45,Sheet5!$A$2:$D$415,4,FALSE) -> #N/A | H45: =VLOOKUP(A45,Sheet5!$A$2:$D$415,3,FALSE) -> #N/A | I45: =VLOOKUP(A45,'1201-29周均耗用'!$A$1:$C$602,3,FALSE) -> #N/A
A46: ALC17E | B46: Alcohol 75% 200mL | C46: 39 | D46: =IFERROR(VLOOKUP(A46,'1227-29耗量'!$A$1:$C$602,3,FALSE),0) -> 5 | E46: =C46-D46 -> 34 | F46: =IFERROR(IF(E46=G46,"OK","錯誤"),"無資料") -> 無資料 | G46: =VLOOKUP(A46,Sheet5!$A$2:$D$415,4,FALSE) -> #N/A | H46: =VLOOKUP(A46,Sheet5!$A$2:$D$415,3,FALSE) -> #N/A | I46: =VLOOKUP(A46,'1201-29周均耗用'!$A$1:$C$602,3,FALSE) -> #N/A
A47: ALC19E | B47: Alcohol 95% 4L | C47: 2 | D47: =IFERROR(VLOOKUP(A47,'1227-29耗量'!$A$1:$C$602,3,FALSE),0) -> 0 | E47: =C47-D47 -> 2 | F47: =IFERROR(IF(E47=G47,"OK","錯誤"),"無資料") -> 無資料 | G47: =VLOOKUP(A47,Sheet5!$A$2:$D$415,4,FALSE) -> #N/A | H47: =VLOOKUP(A47,Sheet5!$A$2:$D$415,3,FALSE) -> #N/A | I47: =VLOOKUP(A47,'1201-29周均耗用'!$A$1:$C$602,3,FALSE) -> #N/A
A48: ALD03E | B48: Aldara Cream 5% 250mg | C48: 0 | D48: =IFERROR(VLOOKUP(A48,'1227-29耗量'!$A$1:$C$602,3,FALSE),0) -> 2 | E48: =C48-D48 -> -2 | F48: =IFERROR(IF(E48=G48,"OK","錯誤"),"無資料") -> 無資料 | G48: =VLOOKUP(A48,Sheet5!$A$2:$D$415,4,FALSE) -> #N/A | H48: =VLOOKUP(A48,Sheet5!$A$2:$D$415,3,FALSE) -> #N/A | I48: =VLOOKUP(A48,'1201-29周均耗用'!$A$1:$C$602,3,FALSE) -> #N/A
A49: ALE01I | B49: Aleviatin 250mg/5ml Amp | C49: 38 | D49: =IFERROR(VLOOKUP(A49,'1227-29耗量'!$A$1:$C$602,3,FALSE),0) -> 0 | E49: =C49-D49 -> 38 | F49: =IFERROR(IF(E49=G49,"OK","錯誤"),"無資料") -> 無資料 | G49: =VLOOKUP(A49,Sheet5!$A$2:$D$415,4,FALSE) -> #N/A | H49: =VLOOKUP(A49,Sheet5!$A$2:$D$415,3,FALSE) -> #N/A | I49: =VLOOKUP(A49,'1201-29周均耗用'!$A$1:$C$602,3,FALSE) -> #N/A
A50: ALE01O | B50: Alecensa 150mg Cap | C50: 0 | D50: =IFERROR(VLOOKUP(A50,'1227-29耗量'!$A$1:$C$602,3,FALSE),0) -> 0 | E50: =C50-D50 -> 0 | F50: =IFERROR(IF(E50=G50,"OK","錯誤"),"無資料") -> 無資料 | G50: =VLOOKUP(A50,Sheet5!$A$2:$D$415,4,FALSE) -> #N/A | H50: =VLOOKUP(A50,Sheet5!$A$2:$D$415,3,FALSE) -> #N/A | I50: =VLOOKUP(A50,'1201-29周均耗用'!$A$1:$C$602,3,FALSE) -> #N/A
A51: ALF01O | B51: Alfacalcidol 0.5mcg Cap | C51: 18 | D51: =IFERROR(VLOOKUP(A51,'1227-29耗量'!$A$1:$C$602,3,FALSE),0) -> 0 | E51: =C51-D51 -> 18 | F51: =IFERROR(IF(E51=G51,"OK","錯誤"),"無資料") -> 無資料 | G51: =VLOOKUP(A51,Sheet5!$A$2:$D$415,4,FALSE) -> #N/A | H51: =VLOOKUP(A51,Sheet5!$A$2:$D$415,3,FALSE) -> #N/A | I51: =VLOOKUP(A51,'1201-29周均耗用'!$A$1:$C$602,3,FALSE) -> 0.5
A52: ALF03I | B52: Alfentanil PPCD 1mg/2ml Amp #2 | C52: 0 | D52: =IFERROR(VLOOKUP(A52,'1227-29耗量'!$A$1:$C$602,3,FALSE),0) -> 0 | E52: =C52-D52 -> 0 | F52: =IFERROR(IF(E52=G52,"OK","錯誤"),"無資料") -> 無資料 | G52: =VLOOKUP(A52,Sheet5!$A$2:$D$415,4,FALSE) -> #N/A | H52: =VLOOKUP(A52,Sheet5!$A$2:$D$415,3,FALSE) -> #N/A | I52: =VLOOKUP(A52,'1201-29周均耗用'!$A$1:$C$602,3,FALSE) -> #N/A
A53: ALG01O | B53: Algitab Chewable Tab# | C53: 1423 | D53: =VLOOKUP(A53,'1227-29耗量'!$A$1:$C$602,3,FALSE) -> 51 | E53: =C53-D53 -> 1372 | F53: =IFERROR(IF(E53=G53,"OK","錯誤"),"無資料") -> 錯誤 | G53: =VLOOKUP(A53,Sheet5!$A$2:$D$415,4,FALSE) -> 339 | H53: =VLOOKUP(A53,Sheet5!$A$2:$D$415,3,FALSE) -> 1680 | I53: =VLOOKUP(A53,'1201-29周均耗用'!$A$1:$C$602,3,FALSE) -> 348.5
A54: ALG01S | B54: Alginos Oral Suspension 210ml/Bot | C54: 41 | D54: =IFERROR(VLOOKUP(A54,'1227-29耗量'!$A$1:$C$602,3,FALSE),0) -> 2 | E54: =C54-D54 -> 39 | F54: =IFERROR(IF(E54=G54,"OK","錯誤"),"無資料") -> 無資料 | G54: =VLOOKUP(A54,Sheet5!$A$2:$D$415,4,FALSE) -> #N/A | H54: =VLOOKUP(A54,Sheet5!$A$2:$D$415,3,FALSE) -> #N/A | I54: =VLOOKUP(A54,'1201-29周均耗用'!$A$1:$C$602,3,FALSE) -> #N/A
A55: ALG02O | B55: Acamprosate Calcium 333mg Tab | C55: 0 | D55: =IFERROR(VLOOKUP(A55,'1227-29耗量'!$A$1:$C$602,3,FALSE),0) -> 0 | E55: =C55-D55 -> 0 | F55: =IFERROR(IF(E55=G55,"OK","錯誤"),"無資料") -> 無資料 | G55: =VLOOKUP(A55,Sheet5!$A$2:$D$415,4,FALSE) -> #N/A | H55: =VLOOKUP(A55,Sheet5!$A$2:$D$415,3,FALSE) -> #N/A | I55: =VLOOKUP(A55,'1201-29周均耗用'!$A$1:$C$602,3,FALSE) -> #N/A
A56: ALI01O | B56: Alinamin-F 50 S.C. Tab# | C56: 1036 | D56: =VLOOKUP(A56,'1227-29耗量'!$A$1:$C$602,3,FALSE) -> 105 | E56: =C56-D56 -> 931 | F56: =IFERROR(IF(E56=G56,"OK","錯誤"),"無資料") -> 錯誤 | G56: =VLOOKUP(A56,Sheet5!$A$2:$D$415,4,FALSE) -> 650 | H56: =VLOOKUP(A56,Sheet5!$A$2:$D$415,3,FALSE) -> 1200 | I56: =VLOOKUP(A56,'1201-29周均耗用'!$A$1:$C$602,3,FALSE) -> 532
A57: ALK01O | B57: Alkeran 2mg Tab# | C57: 0 | D57: =IFERROR(VLOOKUP(A57,'1227-29耗量'!$A$1:$C$602,3,FALSE),0) -> 0 | E57: =C57-D57 -> 0 | F57: =IFERROR(IF(E57=G57,"OK","錯誤"),"無資料") -> 無資料 | G57: =VLOOKUP(A57,Sheet5!$A$2:$D$415,4,FALSE) -> #N/A | H57: =VLOOKUP(A57,Sheet5!$A$2:$D$415,3,FALSE) -> #N/A | I57: =VLOOKUP(A57,'1201-29周均耗用'!$A$1:$C$602,3,FALSE) -> #N/A
A58: ALL01S | B58: All-Right Calcium Susp 180ml Bot# | C58: 32 | D58: =IFERROR(VLOOKUP(A58,'1227-29耗量'!$A$1:$C$602,3,FALSE),0) -> 0 | E58: =C58-D58 -> 32 | F58: =IFERROR(IF(E58=G58,"OK","錯誤"),"無資料") -> 無資料 | G58: =VLOOKUP(A58,Sheet5!$A$2:$D$415,4,FALSE) -> #N/A | H58: =VLOOKUP(A58,Sheet5!$A$2:$D$415,3,FALSE) -> #N/A | I58: =VLOOKUP(A58,'1201-29周均耗用'!$A$1:$C$602,3,FALSE) -> #N/A
A59: ALL02O | B59: Allegra 60mg Tab | C59: 1349 | D59: =VLOOKUP(A59,'1227-29耗量'!$A$1:$C$602,3,FALSE) -> 87 | E59: =C59-D59 -> 1262 | F59: =IFERROR(IF(E59=G59,"OK","錯誤"),"無資料") -> 錯誤 | G59: =VLOOKUP(A59,Sheet5!$A$2:$D$415,4,FALSE) -> 952 | H59: =VLOOKUP(A59,Sheet5!$A$2:$D$415,3,FALSE) -> 2400 | I59: =VLOOKUP(A59,'1201-29周均耗用'!$A$1:$C$602,3,FALSE) -> 633.8
A60: ALO01I | B60: Aloxi 0.25mg/5ml Vial# | C60: 66 | D60: =VLOOKUP(A60,'1227-29耗量'!$A$1:$C$602,3,FALSE) -> 5 | E60: =C60-D60 -> 61 | F60: =IFERROR(IF(E60=G60,"OK","錯誤"),"無資料") -> 錯誤 | G60: =VLOOKUP(A60,Sheet5!$A$2:$D$415,4,FALSE) -> 30 | H60: =VLOOKUP(A60,Sheet5!$A$2:$D$415,3,FALSE) -> 90 | I60: =VLOOKUP(A60,'1201-29周均耗用'!$A$1:$C$602,3,FALSE) -> 21.5
A61: ALP02E | B61: Alphagan P Oph Soln 0.15% 5ml | C61: 10 | D61: =IFERROR(VLOOKUP(A61,'1227-29耗量'!$A$1:$C$602,3,FALSE),0) -> 0 | E61: =C61-D61 -> 10 | F61: =IFERROR(IF(E61=G61,"OK","錯誤"),"無資料") -> 無資料 | G61: =VLOOKUP(A61,Sheet5!$A$2:$D$415,4,FALSE) -> #N/A | H61: =VLOOKUP(A61,Sheet5!$A$2:$D$415,3,FALSE) -> #N/A | I61: =VLOOKUP(A61,'1201-29周均耗用'!$A$1:$C$602,3,FALSE) -> #N/A
A62: ALU02O | B62: Aluminum Hydroxide 324mg Tab | C62: 53 | D62: =IFERROR(VLOOKUP(A62,'1227-29耗量'!$A$1:$C$602,3,FALSE),0) -> 0 | E62: =C62-D62 -> 53 | F62: =IFERROR(IF(E62=G62,"OK","錯誤"),"無資料") -> 無資料 | G62: =VLOOKUP(A62,Sheet5!$A$2:$D$415,4,FALSE) -> #N/A | H62: =VLOOKUP(A62,Sheet5!$A$2:$D$415,3,FALSE) -> #N/A | I62: =VLOOKUP(A62,'1201-29周均耗用'!$A$1:$C$602,3,FALSE) -> 36.2
A63: ALV01I | B63: Alvosteo 20mcg/80mcl; 28d | C63: 0 | D63: =IFERROR(VLOOKUP(A63,'1227-29耗量'!$A$1:$C$602,3,FALSE),0) -> 0 | E63: =C63-D63 -> 0 | F63: =IFERROR(IF(E63=G63,"OK","錯誤"),"無資料") -> 無資料 | G63: =VLOOKUP(A63,Sheet5!$A$2:$D$415,4,FALSE) -> #N/A | H63: =VLOOKUP(A63,Sheet5!$A$2:$D$415,3,FALSE) -> #N/A | I63: =VLOOKUP(A63,'1201-29周均耗用'!$A$1:$C$602,3,FALSE) -> 0.5
A64: AMA02O | B64: Amaryl 2mg Tab# | C64: 894 | D64: =VLOOKUP(A64,'1227-29耗量'!$A$1:$C$602,3,FALSE) -> 41 | E64: =C64-D64 -> 853 | F64: =IFERROR(IF(E64=G64,"OK","錯誤"),"無資料") -> 錯誤 | G64: =VLOOKUP(A64,Sheet5!$A$2:$D$415,4,FALSE) -> 362 | H64: =VLOOKUP(A64,Sheet5!$A$2:$D$415,3,FALSE) -> 420 | I64: =VLOOKUP(A64,'1201-29周均耗用'!$A$1:$C$602,3,FALSE) -> 131
A65: AMA03O | B65: AMARYL M 2/500mg Tab# | C65: 368 | D65: =IFERROR(VLOOKUP(A65,'1227-29耗量'!$A$1:$C$602,3,FALSE),0) -> 14 | E65: =C65-D65 -> 354 | F65: =IFERROR(IF(E65=G65,"OK","錯誤"),"無資料") -> 無資料 | G65: =VLOOKUP(A65,Sheet5!$A$2:$D$415,4,FALSE) -> #N/A | H65: =VLOOKUP(A65,Sheet5!$A$2:$D$415,3,FALSE) -> #N/A | I65: =VLOOKUP(A65,'1201-29周均耗用'!$A$1:$C$602,3,FALSE) -> 65
A66: AMB01I | B66: Ambisome 50mg Vial# | C66: 76 | D66: =IFERROR(VLOOKUP(A66,'1227-29耗量'!$A$1:$C$602,3,FALSE),0) -> 0 | E66: =C66-D66 -> 76 | F66: =IFERROR(IF(E66=G66,"OK","錯誤"),"無資料") -> 無資料 | G66: =VLOOKUP(A66,Sheet5!$A$2:$D$415,4,FALSE) -> #N/A | H66: =VLOOKUP(A66,Sheet5!$A$2:$D$415,3,FALSE) -> #N/A | I66: =VLOOKUP(A66,'1201-29周均耗用'!$A$1:$C$602,3,FALSE) -> #N/A
A67: AMI01O | B67: Amizide Tab | C67: 132 | D67: =IFERROR(VLOOKUP(A67,'1227-29耗量'!$A$1:$C$602,3,FALSE),0) -> 10 | E67: =C67-D67 -> 122 | F67: =IFERROR(IF(E67=G67,"OK","錯誤"),"無資料") -> 無資料 | G67: =VLOOKUP(A67,Sheet5!$A$2:$D$415,4,FALSE) -> #N/A | H67: =VLOOKUP(A67,Sheet5!$A$2:$D$415,3,FALSE) -> #N/A | I67: =VLOOKUP(A67,'1201-29周均耗用'!$A$1:$C$602,3,FALSE) -> 64.8
A68: AMI12I | B68: Aminopoly-H 500ml Bot | C68: 131 | D68: =VLOOKUP(A68,'1227-29耗量'!$A$1:$C$602,3,FALSE) -> 1 | E68: =C68-D68 -> 130 | F68: =IFERROR(IF(E68=G68,"OK","錯誤"),"無資料") -> 錯誤 | G68: =VLOOKUP(A68,Sheet5!$A$2:$D$415,4,FALSE) -> 39 | H68: =VLOOKUP(A68,Sheet5!$A$2:$D$415,3,FALSE) -> 120 | I68: =VLOOKUP(A68,'1201-29周均耗用'!$A$1:$C$602,3,FALSE) -> 32.8
A69: AMI13I | B69: Aminosteril Infant 10% 100ml | C69: 13 | D69: =IFERROR(VLOOKUP(A69,'1227-29耗量'!$A$1:$C$602,3,FALSE),0) -> 0 | E69: =C69-D69 -> 13 | F69: =IFERROR(IF(E69=G69,"OK","錯誤"),"無資料") -> 無資料 | G69: =VLOOKUP(A69,Sheet5!$A$2:$D$415,4,FALSE) -> #N/A | H69: =VLOOKUP(A69,Sheet5!$A$2:$D$415,3,FALSE) -> #N/A | I69: =VLOOKUP(A69,'1201-29周均耗用'!$A$1:$C$602,3,FALSE) -> #N/A
A70: AMO01I | B70: AmoClav 1.2g Vial | C70: 70 | D70: =IFERROR(VLOOKUP(A70,'1227-29耗量'!$A$1:$C$602,3,FALSE),0) -> 3 | E70: =C70-D70 -> 67 | F70: =IFERROR(IF(E70=G70,"OK","錯誤"),"無資料") -> 無資料 | G70: =VLOOKUP(A70,Sheet5!$A$2:$D$415,4,FALSE) -> #N/A | H70: =VLOOKUP(A70,Sheet5!$A$2:$D$415,3,FALSE) -> #N/A | I70: =VLOOKUP(A70,'1201-29周均耗用'!$A$1:$C$602,3,FALSE) -> 22.2
A71: AMO01O | B71: Amoxicillin 250mg Cap YungShin | C71: 341 | D71: =IFERROR(VLOOKUP(A71,'1227-29耗量'!$A$1:$C$602,3,FALSE),0) -> 24 | E71: =C71-D71 -> 317 | F71: =IFERROR(IF(E71=G71,"OK","錯誤"),"無資料") -> 無資料 | G71: =VLOOKUP(A71,Sheet5!$A$2:$D$415,4,FALSE) -> #N/A | H71: =VLOOKUP(A71,Sheet5!$A$2:$D$415,3,FALSE) -> #N/A | I71: =VLOOKUP(A71,'1201-29周均耗用'!$A$1:$C$602,3,FALSE) -> 41.2
A72: AMO05S | B72: Amoxycillin Sandoz Susp 50mg/mL;100mL | C72: 0 | D72: =IFERROR(VLOOKUP(A72,'1227-29耗量'!$A$1:$C$602,3,FALSE),0) -> 0 | E72: =C72-D72 -> 0 | F72: =IFERROR(IF(E72=G72,"OK","錯誤"),"無資料") -> 無資料 | G72: =VLOOKUP(A72,Sheet5!$A$2:$D$415,4,FALSE) -> #N/A | H72: =VLOOKUP(A72,Sheet5!$A$2:$D$415,3,FALSE) -> #N/A | I72: =VLOOKUP(A72,'1201-29周均耗用'!$A$1:$C$602,3,FALSE) -> #N/A
A73: AMP01O | B73: Ampicillin 500mg Cap | C73: 703 | D73: =IFERROR(VLOOKUP(A73,'1227-29耗量'!$A$1:$C$602,3,FALSE),0) -> 0 | E73: =C73-D73 -> 703 | F73: =IFERROR(IF(E73=G73,"OK","錯誤"),"無資料") -> 無資料 | G73: =VLOOKUP(A73,Sheet5!$A$2:$D$415,4,FALSE) -> #N/A | H73: =VLOOKUP(A73,Sheet5!$A$2:$D$415,3,FALSE) -> #N/A | I73: =VLOOKUP(A73,'1201-29周均耗用'!$A$1:$C$602,3,FALSE) -> 133
A74: AMP02I | B74: Ampholipad 50mg Vial | C74: 1 | D74: =VLOOKUP(A74,'1227-29耗量'!$A$1:$C$602,3,FALSE) -> 18 | E74: =C74-D74 -> -17 | F74: =IFERROR(IF(E74=G74,"OK","錯誤"),"無資料") -> 錯誤 | G74: =VLOOKUP(A74,Sheet5!$A$2:$D$415,4,FALSE) -> -26 | H74: =VLOOKUP(A74,Sheet5!$A$2:$D$415,3,FALSE) -> 250 | I74: =VLOOKUP(A74,'1201-29周均耗用'!$A$1:$C$602,3,FALSE) -> 79.5
A75: AMP03I | B75: Ampolin 500mg Vial | C75: 804 | D75: =VLOOKUP(A75,'1227-29耗量'!$A$1:$C$602,3,FALSE) -> 0 | E75: =C75-D75 -> 804 | F75: =IFERROR(IF(E75=G75,"OK","錯誤"),"無資料") -> 錯誤 | G75: =VLOOKUP(A75,Sheet5!$A$2:$D$415,4,FALSE) -> 548 | H75: =VLOOKUP(A75,Sheet5!$A$2:$D$415,3,FALSE) -> 500 | I75: =VLOOKUP(A75,'1201-29周均耗用'!$A$1:$C$602,3,FALSE) -> 187.2
A76: AMT01O | B76: Amtrel Tab | C76: 770 | D76: =IFERROR(VLOOKUP(A76,'1227-29耗量'!$A$1:$C$602,3,FALSE),0) -> 3 | E76: =C76-D76 -> 767 | F76: =IFERROR(IF(E76=G76,"OK","錯誤"),"無資料") -> 無資料 | G76: =VLOOKUP(A76,Sheet5!$A$2:$D$415,4,FALSE) -> #N/A | H76: =VLOOKUP(A76,Sheet5!$A$2:$D$415,3,FALSE) -> #N/A | I76: =VLOOKUP(A76,'1201-29周均耗用'!$A$1:$C$602,3,FALSE) -> 11.5
A77: AND01O | B77: Androcur 50mg Tab# | C77: 46 | D77: =IFERROR(VLOOKUP(A77,'1227-29耗量'!$A$1:$C$602,3,FALSE),0) -> 1 | E77: =C77-D77 -> 45 | F77: =IFERROR(IF(E77=G77,"OK","錯誤"),"無資料") -> 無資料 | G77: =VLOOKUP(A77,Sheet5!$A$2:$D$415,4,FALSE) -> #N/A | H77: =VLOOKUP(A77,Sheet5!$A$2:$D$415,3,FALSE) -> #N/A | I77: =VLOOKUP(A77,'1201-29周均耗用'!$A$1:$C$602,3,FALSE) -> 2.8
A78: ANE03I | B78: Anexate 0.5mg/5ml Amp# | C78: 21 | D78: =VLOOKUP(A78,'1227-29耗量'!$A$1:$C$602,3,FALSE) -> 1 | E78: =C78-D78 -> 20 | F78: =IFERROR(IF(E78=G78,"OK","錯誤"),"無資料") -> 錯誤 | G78: =VLOOKUP(A78,Sheet5!$A$2:$D$415,4,FALSE) -> 8 | H78: =VLOOKUP(A78,Sheet5!$A$2:$D$415,3,FALSE) -> 80 | I78: =VLOOKUP(A78,'1201-29周均耗用'!$A$1:$C$602,3,FALSE) -> 6.2
A79: ANG02I | B79: Angidil 10mg/10ml Amp | C79: 454 | D79: =VLOOKUP(A79,'1227-29耗量'!$A$1:$C$602,3,FALSE) -> -3 | E79: =C79-D79 -> 457 | F79: =IFERROR(IF(E79=G79,"OK","錯誤"),"無資料") -> 錯誤 | G79: =VLOOKUP(A79,Sheet5!$A$2:$D$415,4,FALSE) -> 115 | H79: =VLOOKUP(A79,Sheet5!$A$2:$D$415,3,FALSE) -> 240 | I79: =VLOOKUP(A79,'1201-29周均耗用'!$A$1:$C$602,3,FALSE) -> 33.5
A80: ANO01E | B80: Anoro Ellipta 55/22mcg inhalation; 30d | C80: 1 | D80: =IFERROR(VLOOKUP(A80,'1227-29耗量'!$A$1:$C$602,3,FALSE),0) -> 0 | E80: =C80-D80 -> 1 | F80: =IFERROR(IF(E80=G80,"OK","錯誤"),"無資料") -> 無資料 | G80: =VLOOKUP(A80,Sheet5!$A$2:$D$415,4,FALSE) -> #N/A | H80: =VLOOKUP(A80,Sheet5!$A$2:$D$415,3,FALSE) -> #N/A | I80: =VLOOKUP(A80,'1201-29周均耗用'!$A$1:$C$602,3,FALSE) -> #N/A
A81: ANP01I | B81: Anpo 50mg/5ml Amp | C81: 22 | D81: =IFERROR(VLOOKUP(A81,'1227-29耗量'!$A$1:$C$602,3,FALSE),0) -> 0 | E81: =C81-D81 -> 22 | F81: =IFERROR(IF(E81=G81,"OK","錯誤"),"無資料") -> 無資料 | G81: =VLOOKUP(A81,Sheet5!$A$2:$D$415,4,FALSE) -> #N/A | H81: =VLOOKUP(A81,Sheet5!$A$2:$D$415,3,FALSE) -> #N/A | I81: =VLOOKUP(A81,'1201-29周均耗用'!$A$1:$C$602,3,FALSE) -> #N/A
A82: ANP01O | B82: Anpo 10mg Tab | C82: 167 | D82: =IFERROR(VLOOKUP(A82,'1227-29耗量'!$A$1:$C$602,3,FALSE),0) -> 0 | E82: =C82-D82 -> 167 | F82: =IFERROR(IF(E82=G82,"OK","錯誤"),"無資料") -> 無資料 | G82: =VLOOKUP(A82,Sheet5!$A$2:$D$415,4,FALSE) -> #N/A | H82: =VLOOKUP(A82,Sheet5!$A$2:$D$415,3,FALSE) -> #N/A | I82: =VLOOKUP(A82,'1201-29周均耗用'!$A$1:$C$602,3,FALSE) -> #N/A
A83: ANT01I | B83: Antifect 1g Vial# | C83: 779 | D83: =VLOOKUP(A83,'1227-29耗量'!$A$1:$C$602,3,FALSE) -> 66 | E83: =C83-D83 -> 713 | F83: =IFERROR(IF(E83=G83,"OK","錯誤"),"無資料") -> 錯誤 | G83: =VLOOKUP(A83,Sheet5!$A$2:$D$415,4,FALSE) -> 609 | H83: =VLOOKUP(A83,Sheet5!$A$2:$D$415,3,FALSE) -> 2340 | I83: =VLOOKUP(A83,'1201-29周均耗用'!$A$1:$C$602,3,FALSE) -> 577.2
A84: ANT02E | B84: Antigerm Sol 40mg/ml 5L Bot | C84: 0 | D84: =IFERROR(VLOOKUP(A84,'1227-29耗量'!$A$1:$C$602,3,FALSE),0) -> 0 | E84: =C84-D84 -> 0 | F84: =IFERROR(IF(E84=G84,"OK","錯誤"),"無資料") -> 無資料 | G84: =VLOOKUP(A84,Sheet5!$A$2:$D$415,4,FALSE) -> #N/A | H84: =VLOOKUP(A84,Sheet5!$A$2:$D$415,3,FALSE) -> #N/A | I84: =VLOOKUP(A84,'1201-29周均耗用'!$A$1:$C$602,3,FALSE) -> #N/A
A85: ANT03I | B85: Antivenin of D. acutus(Lyophilized) | C85: 0 | D85: =IFERROR(VLOOKUP(A85,'1227-29耗量'!$A$1:$C$602,3,FALSE),0) -> 0 | E85: =C85-D85 -> 0 | F85: =IFERROR(IF(E85=G85,"OK","錯誤"),"無資料") -> 無資料 | G85: =VLOOKUP(A85,Sheet5!$A$2:$D$415,4,FALSE) -> #N/A | H85: =VLOOKUP(A85,Sheet5!$A$2:$D$415,3,FALSE) -> #N/A | I85: =VLOOKUP(A85,'1201-29周均耗用'!$A$1:$C$602,3,FALSE) -> #N/A
A86: ANT04E | B86: Antol Eye drops 1% 5ml Bot | C86: 0 | D86: =IFERROR(VLOOKUP(A86,'1227-29耗量'!$A$1:$C$602,3,FALSE),0) -> 0 | E86: =C86-D86 -> 0 | F86: =IFERROR(IF(E86=G86,"OK","錯誤"),"無資料") -> 無資料 | G86: =VLOOKUP(A86,Sheet5!$A$2:$D$415,4,FALSE) -> #N/A | H86: =VLOOKUP(A86,Sheet5!$A$2:$D$415,3,FALSE) -> #N/A | I86: =VLOOKUP(A86,'1201-29周均耗用'!$A$1:$C$602,3,FALSE) -> #N/A
A87: ANT06I | B87: Antivenin of B.multicincutus and N.naga | C87: 0 | D87: =IFERROR(VLOOKUP(A87,'1227-29耗量'!$A$1:$C$602,3,FALSE),0) -> 0 | E87: =C87-D87 -> 0 | F87: =IFERROR(IF(E87=G87,"OK","錯誤"),"無資料") -> 無資料 | G87: =VLOOKUP(A87,Sheet5!$A$2:$D$415,4,FALSE) -> #N/A | H87: =VLOOKUP(A87,Sheet5!$A$2:$D$415,3,FALSE) -> #N/A | I87: =VLOOKUP(A87,'1201-29周均耗用'!$A$1:$C$602,3,FALSE) -> #N/A
A88: ANT06O | B88: Antibiophilus 250mg Cap# | C88: 1092 | D88: =VLOOKUP(A88,'1227-29耗量'!$A$1:$C$602,3,FALSE) -> 35 | E88: =C88-D88 -> 1057 | F88: =IFERROR(IF(E88=G88,"OK","錯誤"),"無資料") -> 錯誤 | G88: =VLOOKUP(A88,Sheet5!$A$2:$D$415,4,FALSE) -> 421 | H88: =VLOOKUP(A88,Sheet5!$A$2:$D$415,3,FALSE) -> 1500 | I88: =VLOOKUP(A88,'1201-29周均耗用'!$A$1:$C$602,3,FALSE) -> 314.2
A89: ANT07I | B89: Antivenin of Tr.mucrosqamatus and Tr.gra | C89: 0 | D89: =IFERROR(VLOOKUP(A89,'1227-29耗量'!$A$1:$C$602,3,FALSE),0) -> 0 | E89: =C89-D89 -> 0 | F89: =IFERROR(IF(E89=G89,"OK","錯誤"),"無資料") -> 無資料 | G89: =VLOOKUP(A89,Sheet5!$A$2:$D$415,4,FALSE) -> #N/A | H89: =VLOOKUP(A89,Sheet5!$A$2:$D$415,3,FALSE) -> #N/A | I89: =VLOOKUP(A89,'1201-29周均耗用'!$A$1:$C$602,3,FALSE) -> #N/A
A90: ANT09S | B90: Anti-Phen 24mg/ml; 60ml# | C90: 58 | D90: =IFERROR(VLOOKUP(A90,'1227-29耗量'!$A$1:$C$602,3,FALSE),0) -> 0 | E90: =C90-D90 -> 58 | F90: =IFERROR(IF(E90=G90,"OK","錯誤"),"無資料") -> 無資料 | G90: =VLOOKUP(A90,Sheet5!$A$2:$D$415,4,FALSE) -> #N/A | H90: =VLOOKUP(A90,Sheet5!$A$2:$D$415,3,FALSE) -> #N/A | I90: =VLOOKUP(A90,'1201-29周均耗用'!$A$1:$C$602,3,FALSE) -> #N/A
A91: ANX01I | B91: Anxicam 2mg/1ml Amp #4 | C91: 92 | D91: =IFERROR(VLOOKUP(A91,'1227-29耗量'!$A$1:$C$602,3,FALSE),0) -> 1 | E91: =C91-D91 -> 91 | F91: =IFERROR(IF(E91=G91,"OK","錯誤"),"無資料") -> 無資料 | G91: =VLOOKUP(A91,Sheet5!$A$2:$D$415,4,FALSE) -> #N/A | H91: =VLOOKUP(A91,Sheet5!$A$2:$D$415,3,FALSE) -> #N/A | I91: =VLOOKUP(A91,'1201-29周均耗用'!$A$1:$C$602,3,FALSE) -> 16
A92: API01I | B92: Apidra SoloStar 300 iu/3ml# | C92: 11 | D92: =IFERROR(VLOOKUP(A92,'1227-29耗量'!$A$1:$C$602,3,FALSE),0) -> 0 | E92: =C92-D92 -> 11 | F92: =IFERROR(IF(E92=G92,"OK","錯誤"),"無資料") -> 無資料 | G92: =VLOOKUP(A92,Sheet5!$A$2:$D$415,4,FALSE) -> #N/A | H92: =VLOOKUP(A92,Sheet5!$A$2:$D$415,3,FALSE) -> #N/A | I92: =VLOOKUP(A92,'1201-29周均耗用'!$A$1:$C$602,3,FALSE) -> 0.8
A93: APO01O | B93: Apo-Atomoxetine 25mg Cap | C93: 0 | D93: =IFERROR(VLOOKUP(A93,'1227-29耗量'!$A$1:$C$602,3,FALSE),0) -> 0 | E93: =C93-D93 -> 0 | F93: =IFERROR(IF(E93=G93,"OK","錯誤"),"無資料") -> 無資料 | G93: =VLOOKUP(A93,Sheet5!$A$2:$D$415,4,FALSE) -> #N/A | H93: =VLOOKUP(A93,Sheet5!$A$2:$D$415,3,FALSE) -> #N/A | I93: =VLOOKUP(A93,'1201-29周均耗用'!$A$1:$C$602,3,FALSE) -> 14
A94: APO04O | B94: APO-ATOMOXETINE 40MG CAP | C94: 0 | D94: =IFERROR(VLOOKUP(A94,'1227-29耗量'!$A$1:$C$602,3,FALSE),0) -> 0 | E94: =C94-D94 -> 0 | F94: =IFERROR(IF(E94=G94,"OK","錯誤"),"無資料") -> 無資料 | G94: =VLOOKUP(A94,Sheet5!$A$2:$D$415,4,FALSE) -> #N/A | H94: =VLOOKUP(A94,Sheet5!$A$2:$D$415,3,FALSE) -> #N/A | I94: =VLOOKUP(A94,'1201-29周均耗用'!$A$1:$C$602,3,FALSE) -> #N/A
A95: APR06O | B95: Aprezin 10mg Tab | C95: 1147 | D95: =IFERROR(VLOOKUP(A95,'1227-29耗量'!$A$1:$C$602,3,FALSE),0) -> 35 | E95: =C95-D95 -> 1112 | F95: =IFERROR(IF(E95=G95,"OK","錯誤"),"無資料") -> 無資料 | G95: =VLOOKUP(A95,Sheet5!$A$2:$D$415,4,FALSE) -> #N/A | H95: =VLOOKUP(A95,Sheet5!$A$2:$D$415,3,FALSE) -> #N/A | I95: =VLOOKUP(A95,'1201-29周均耗用'!$A$1:$C$602,3,FALSE) -> 74
A96: AQU02E | B96: Aqua Easy Antiseptic Soln 2% 200mL Bot | C96: 0 | D96: =IFERROR(VLOOKUP(A96,'1227-29耗量'!$A$1:$C$602,3,FALSE),0) -> 0 | E96: =C96-D96 -> 0 | F96: =IFERROR(IF(E96=G96,"OK","錯誤"),"無資料") -> 無資料 | G96: =VLOOKUP(A96,Sheet5!$A$2:$D$415,4,FALSE) -> #N/A | H96: =VLOOKUP(A96,Sheet5!$A$2:$D$415,3,FALSE) -> #N/A | I96: =VLOOKUP(A96,'1201-29周均耗用'!$A$1:$C$602,3,FALSE) -> #N/A
A97: ARA01O | B97: Arax 25mg Tab | C97: 1016 | D97: =VLOOKUP(A97,'1227-29耗量'!$A$1:$C$602,3,FALSE) -> 4 | E97: =C97-D97 -> 1012 | F97: =IFERROR(IF(E97=G97,"OK","錯誤"),"無資料") -> 錯誤 | G97: =VLOOKUP(A97,Sheet5!$A$2:$D$415,4,FALSE) -> 103 | H97: =VLOOKUP(A97,Sheet5!$A$2:$D$415,3,FALSE) -> 1000 | I97: =VLOOKUP(A97,'1201-29周均耗用'!$A$1:$C$602,3,FALSE) -> 45.2
A98: ARE02I | B98: RSV Arexvy (自費) Vaccine GSK | C98: 0 | D98: =IFERROR(VLOOKUP(A98,'1227-29耗量'!$A$1:$C$602,3,FALSE),0) -> 0 | E98: =C98-D98 -> 0 | F98: =IFERROR(IF(E98=G98,"OK","錯誤"),"無資料") -> 無資料 | G98: =VLOOKUP(A98,Sheet5!$A$2:$D$415,4,FALSE) -> #N/A | H98: =VLOOKUP(A98,Sheet5!$A$2:$D$415,3,FALSE) -> #N/A | I98: =VLOOKUP(A98,'1201-29周均耗用'!$A$1:$C$602,3,FALSE) -> #N/A
A99: ARH01O | B99: Arheuma 20mg Tab# | C99: 191 | D99: =IFERROR(VLOOKUP(A99,'1227-29耗量'!$A$1:$C$602,3,FALSE),0) -> 1 | E99: =C99-D99 -> 190 | F99: =IFERROR(IF(E99=G99,"OK","錯誤"),"無資料") -> 無資料 | G99: =VLOOKUP(A99,Sheet5!$A$2:$D$415,4,FALSE) -> #N/A | H99: =VLOOKUP(A99,Sheet5!$A$2:$D$415,3,FALSE) -> #N/A | I99: =VLOOKUP(A99,'1201-29周均耗用'!$A$1:$C$602,3,FALSE) -> 5.8
A100: ARI02O | B100: Arimidex 1mg Tab# | C100: 39 | D100: =IFERROR(VLOOKUP(A100,'1227-29耗量'!$A$1:$C$602,3,FALSE),0) -> 0 | E100: =C100-D100 -> 39 | F100: =IFERROR(IF(E100=G100,"OK","錯誤"),"無資料") -> 無資料 | G100: =VLOOKUP(A100,Sheet5!$A$2:$D$415,4,FALSE) -> #N/A | H100: =VLOOKUP(A100,Sheet5!$A$2:$D$415,3,FALSE) -> #N/A | I100: =VLOOKUP(A100,'1201-29周均耗用'!$A$1:$C$602,3,FALSE) -> #N/A
...

Sheet Sheet5
A1: 藥品代碼 | B1: 藥品名稱 | C1: 實發量 | D1: 庫存量
A2: ABI04I | B2: Abilify maintena 400mg Syringe | C2: 12 | D2: 7
A3: ACE01I | B3: Acemycin 500mg/2ml Vial# | C3: 20 | D3: 16
A4: ACT01I | B4: Actemra 200mg/10ml vial# | C4: 10 | D4: 10
A5: ACT07I | B5: Actemra 80mg/4ml vial# | C5: 10 | D5: 6
A6: ALO01I | B6: Aloxi 0.25mg/5ml Vial# | C6: 90 | D6: 30
A7: AMI12I | B7: Aminopoly-H 500ml Bot | C7: 120 | D7: 39
A8: AMP02I | B8: Ampholipad 50mg Vial | C8: 250 | D8: -26
A9: AMP03I | B9: Ampolin 500mg Vial | C9: 500 | D9: 548
A10: ANE03I | B10: Anexate 0.5mg/5ml Amp# | C10: 80 | D10: 8
A11: ANG02I | B11: Angidil 10mg/10ml Amp | C11: 240 | D11: 115
A12: ANT01I | B12: Antifect 1g Vial# | C12: 2340 | D12: 609
A13: ASI01I | B13: Asiphylline 250mg/10ml Amp | C13: 150 | D13: 98
... A415: SCR01S | B415: Scrat Suspension 10ml Pack | C415: 600 | D415: 188

Sheet 1227-29耗量
A1: 藥品代碼 | B1: 商品名稱 | C1: 消耗量
A2: ACE01I | B2: Acemycin 500mg/2ml Vial# | C2: 2
A3: ACE02I | B3: Acetamol 1gm Vial | C3: 9
A4: ADD01I | B4: Addaven 10ml amp | C4: -1
A5: ADE01I | B5: Adenocor 6mg/2ml Vial | C5: 1
A6: ADR02I | B6: Adrenalin 1mg/1ml Amp | C6: 24
A7: AGG02I | B7: Agglutex 25000iu/5ml Vial | C7: 1
A8: ALO01I | B8: Aloxi 0.25mg/5ml Vial# | C8: 5
A9: AMI12I | B9: Aminopoly-H 500ml Bot | C9: 1
A10: AMO01I | B10: AmoClav 1.2g Vial | C10: 3
A11: AMP02I | B11: Ampholipad 50mg Vial | C11: 18
A12: AMP03I | B12: Ampolin 500mg Vial | C12: 0
A13: ANE03I | B13: Anexate 0.5mg/5ml Amp# | C13: 1
... A602: SER01S | B602: Seridol Oral Soln 30mg/30ml | C602: 4

Sheet 1201-29周均耗用
A1: 藥品代碼 | B1: 商品名稱 | C1: 周均消耗量
A2: 5FU01I | B2: 5-Fu 1g/20ml Vial (Fluorouracil) | C2: -0.2
A3: ABI04I | B3: Abilify maintena 400mg Syringe | C3: 3.5
A4: ACE01I | B4: Acemycin 500mg/2ml Vial# | C4: 2.8
A5: ACE02I | B5: Acetamol 1gm Vial | C5: 17.5
A6: ACT01I | B6: Actemra 200mg/10ml vial# | C6: 4
A7: ACT07I | B7: Actemra 80mg/4ml vial# | C7: 2
A8: ACT03I | B8: Actrapid HM(RI) 1000iu/10ml Vial | C8: -1.5
A9: ADD01I | B9: Addaven 10ml amp | C9: 6.8
A10: ADE01I | B10: Adenocor 6mg/2ml Vial | C10: -2.8
A11: ADI08I | B11: AdimFlu-S (公費) 0.5mL Syringe | C11: 0.2
A12: ADR02I | B12: Adrenalin 1mg/1ml Amp | C12: 86
A13: AGG02I | B13: Agglutex 25000iu/5ml Vial | C13: 3.5
... A936: WEM01S | B936: Wempty Susp 60mg/60ml Bot | C936: 0
